id;name;last_name;email;phone;ci;password;score;status;user_type;address_verified;identity_verified
1;deselect boldly;Huels;Jasper_Mueller24@yahoo.com;1-627-364-8494;near horse until;inspect jungle;2589;bah vivaciously pinion;through individual;false;true
2;stool meanwhile;Herman;Dillan39@hotmail.com;536.606.1541 x2700;rotating furthermore;worth achieve finally;27093;flint spectacles;a once;true;false
3;big;Wiegand;Unique_Mayert30@gmail.com;945.992.8259 x11284;below geez;testify how railway;3415;mid;brightly pushy;false;true
4;hastily;Russel;Omer_Kassulke@gmail.com;(350) 825-2087 x4095;pro;propound misjudge yippee;2478;sticky;rosy whether qua;true;true
5;which plait triangular;Schneider;Adelbert_Toy19@hotmail.com;876.241.6739 x9870;outlying likewise;individual cleave;17298;supposing;swing;false;false
6;than yet;Marks;Sonya21@hotmail.com;(759) 229-4412 x54837;postbox unaccountably singing;as idealistic;1487;elastic meh psst;though;true;false
7;discourse citizen;Renner;Cloyd.Rowe@hotmail.com;671-322-8256 x324;following;modulo anaesthetise before;23822;redact untrue;godparent concerning;true;true
8;alive once;Runolfsson;Damon_Lakin23@yahoo.com;1-433-439-2125 x4839;because scary;blushing mantua;2203;fill vulgarise;guard;true;false
9;winged;Waelchi;Jermaine.Crooks@gmail.com;466-834-5300;dependable card;worse;16982;rosemary interestingly;horse;false;false
10;unlike;Spencer;Ralph.Cassin18@yahoo.com;1-998-663-7684 x661;highly physically;deeply emphasize;2892;whose cumbersome brr;goose;true;true
